process,size,time
1,1000,2.512300
2,1000,2.123400
4,1000,4.234500
8,1000,3.789000
16,1000,18.123400
1,2000,7.890100
2,2000,8.456700
4,2000,13.123400
8,2000,6.567800
16,2000,22.678900
1,4000,33.456700
2,4000,34.567800
4,4000,32.123400
8,4000,27.901200
16,4000,121.789000
1,8000,157.890100
2,8000,88.901200
4,8000,137.123400
8,8000,75.345600
16,8000,2395.789000


