process,size,time
1,1000,2.345600
2,1000,1.678900
4,1000,1.345600
8,1000,0.912300
16,1000,0.523400
1,2000,18.456700
2,2000,6.123400
4,2000,4.567800
8,2000,2.789000
16,2000,1.567800
1,4000,56.789000
2,4000,20.123400
4,4000,17.456700
8,4000,11.234500
16,4000,8.123400
1,8000,157.890100
2,8000,124.345600
4,8000,93.678900
8,8000,45.123400
16,8000,28.345600

